Release,Gross,Theaters,Release Date,Info_url,uid,openingGross,openingTheaters
Barbie,"$636,225,983","4,337",Jul 21,/release/rl1077904129/?ref_=bo_yld_table_1,tt1517268,"$162,022,044","4,243"
The Super Mario Bros. Movie,"$574,934,330","4,371",Apr 5,/release/rl1930593025/?ref_=bo_yld_table_2,tt6718170,"$146,361,865","4,343"
Spider-Man: Across the Spider-Verse,"$381,311,319","4,332",Jun 2,/release/rl2812183041/?ref_=bo_yld_table_3,tt9362722,"$120,663,589","4,313"
Guardians of the Galaxy Vol. 3,"$358,995,815","4,450",May 5,/release/rl2977202945/?ref_=bo_yld_table_4,tt6791350,"$118,414,021","4,450"
Oppenheimer,"$326,101,370","3,761",Jul 21,/release/rl3725886209/?ref_=bo_yld_table_5,tt15398776,"$82,455,420","3,610"
The Little Mermaid,"$298,172,056","4,320",May 26,/release/rl1913750273/?ref_=bo_yld_table_6,tt5971474,"$95,578,040","4,320"
Avatar: The Way of Water,"$283,067,859","4,340",Dec 16,/release/rl3372254721/?ref_=bo_yld_table_7,tt1630029,"$134,100,226","4,202"
Ant-Man and the Wasp: Quantumania,"$214,504,909","4,345",Feb 17,/release/rl3195306753/?ref_=bo_yld_table_8,tt10954600,"$106,109,650","4,345"
John Wick: Chapter 4,"$187,131,806","3,855",Mar 24,/release/rl1644725761/?ref_=bo_yld_table_9,tt10366206,"$73,817,950","3,855"
Sound of Freedom,"$184,177,725","3,411",Jul 4,/release/rl4254237441/?ref_=bo_yld_table_10,tt7599146,"$19,680,879","2,852"
Taylor Swift: The Eras Tour,"$179,817,571","3,855",Oct 13,/release/rl4054352641/?ref_=bo_yld_table_11,tt28814949,"$93,224,755","3,855"
Indiana Jones and the Dial of Destiny,"$174,480,468","4,600",Jun 30,/release/rl2776598017/?ref_=bo_yld_table_12,tt1462764,"$60,368,101","4,600"
Mission: Impossible - Dead Reckoning Part One,"$172,135,383","4,327",Jul 12,/release/rl1896449537/?ref_=bo_yld_table_13,tt9603212,"$54,688,347","4,327"
The Hunger Games: The Ballad of Songbirds & Snakes,"$159,719,625","3,776",Nov 17,/release/rl1262387969/?ref_=bo_yld_table_14,tt10545296,"$44,607,143","3,776"
Transformers: Rise of the Beasts,"$157,066,392","3,680",Jun 9,/release/rl1606320641/?ref_=bo_yld_table_15,tt5090568,"$61,045,464","3,678"
Creed III,"$156,248,615","4,007",Mar 3,/release/rl1713734401/?ref_=bo_yld_table_16,tt11145118,"$58,370,007","4,007"
Elemental,"$154,426,697","4,035",Jun 16,/release/rl1811383041/?ref_=bo_yld_table_17,tt15789038,"$29,602,429","4,035"
Fast X,"$146,126,015","4,088",May 19,/release/rl209683969/?ref_=bo_yld_table_18,tt5433140,"$67,017,410","4,046"
Five Nights at Freddy's,"$137,275,620","3,789",Oct 27,/release/rl764248833/?ref_=bo_yld_table_19,tt4589218,"$80,001,720","3,675"
Wonka,"$133,129,902","4,213",Dec 15,/release/rl2942927617/?ref_=bo_yld_table_20,tt6166392,"$39,005,800","4,203"
Puss in Boots: The Last Wish,"$130,425,380","4,121",Dec 21,/release/rl3899622145/?ref_=bo_yld_table_21,tt3915174,"$12,429,515","4,099"
Teenage Mutant Ninja Turtles: Mutant Mayhem,"$118,613,586","3,950",Aug 2,/release/rl393904897/?ref_=bo_yld_table_22,tt8589698,"$28,007,544","3,858"
Scream VI,"$108,161,389","3,676",Mar 10,/release/rl1714914049/?ref_=bo_yld_table_23,tt17663992,"$44,447,270","3,675"
The Flash,"$108,133,313","4,256",Jun 16,/release/rl2225635841/?ref_=bo_yld_table_24,tt0439572,"$55,043,679","4,234"
Trolls Band Together,"$96,370,205","3,893",Nov 17,/release/rl577798913/?ref_=bo_yld_table_25,tt14362112,"$30,002,525","3,870"
M3GAN,"$95,159,005","3,628",Jan 6,/release/rl1110147841/?ref_=bo_yld_table_26,tt8760708,"$30,429,860","3,509"
Dungeons & Dragons: Honor Among Thieves,"$93,277,026","3,856",Mar 31,/release/rl1879410177/?ref_=bo_yld_table_27,tt2906216,"$37,205,784","3,855"
The Equalizer 3,"$92,373,751","3,965",Sep 1,/release/rl1430029057/?ref_=bo_yld_table_28,tt17024450,"$34,604,229","3,965"
The Nun II,"$86,267,073","3,743",Sep 8,/release/rl1339523841/?ref_=bo_yld_table_29,tt10160976,"$32,603,336","3,728"
The Marvels,"$84,479,155","4,030",Nov 10,/release/rl247366145/?ref_=bo_yld_table_30,tt10676048,"$46,110,859","4,030"
Meg 2: The Trench,"$82,600,317","3,604",Aug 4,/release/rl3090514689/?ref_=bo_yld_table_31,tt9224104,"$30,002,735","3,503"
Insidious: The Red Door,"$82,156,962","3,188",Jul 7,/release/rl1137607425/?ref_=bo_yld_table_32,tt13405778,"$33,013,036","3,188"
Aquaman and the Lost Kingdom,"$76,469,713","3,787",Dec 22,/release/rl3003745793/?ref_=bo_yld_table_33,tt9663764,"$27,686,211","3,706"
Blue Beetle,"$72,488,072","3,871",Aug 18,/release/rl3693445889/?ref_=bo_yld_table_34,tt9362930,"$25,030,225","3,871"
Haunted Mansion,"$67,653,287","3,740",Jul 28,/release/rl707822337/?ref_=bo_yld_table_35,tt1695843,"$24,082,475","3,740"
Killers of the Flower Moon,"$67,292,161","3,786",Oct 20,/release/rl629703425/?ref_=bo_yld_table_36,tt5537002,"$23,253,655","3,628"
Evil Dead Rise,"$67,233,054","3,417",Apr 21,/release/rl1289192193/?ref_=bo_yld_table_37,tt13345606,"$24,504,315","3,402"
The Exorcist: Believer,"$65,537,395","3,684",Oct 6,/release/rl2047378177/?ref_=bo_yld_table_38,tt12921446,"$26,497,600","3,663"
PAW Patrol: The Mighty Movie,"$65,231,360","4,027",Sep 29,/release/rl3038479105/?ref_=bo_yld_table_39,tt15837338,"$22,764,354","3,989"
Cocaine Bear,"$64,670,240","3,571",Feb 24,/release/rl2503901953/?ref_=bo_yld_table_40,tt14209916,"$23,260,790","3,534"
A Man Called Otto,"$64,228,358","3,957",Dec 30,/release/rl3442377473/?ref_=bo_yld_table_41,tt7405458,"$56,257",4
Wish,"$60,609,147","3,900",Nov 22,/release/rl3097657857/?ref_=bo_yld_table_42,tt11304740,"$19,698,228","3,900"
Napoleon,"$60,512,228","3,500",Nov 22,/release/rl2710274817/?ref_=bo_yld_table_43,tt13287846,"$20,638,887","3,500"
Shazam! Fury of the Gods,"$57,638,006","4,071",Mar 17,/release/rl162234881/?ref_=bo_yld_table_44,tt10151854,"$30,111,158","4,071"
Migration,"$54,103,955","3,839",Dec 22,/release/rl83920385/?ref_=bo_yld_table_45,tt6495056,"$12,453,275","3,761"
Saw X,"$53,607,898","3,262",Sep 29,/release/rl1926595329/?ref_=bo_yld_table_46,tt21807222,"$18,309,301","3,262"
Air,"$52,460,106","3,507",Apr 5,/release/rl2106295041/?ref_=bo_yld_table_47,tt16419074,"$14,456,279","3,507"
Jesus Revolution,"$52,102,987","2,575",Feb 24,/release/rl466125569/?ref_=bo_yld_table_48,tt10098448,"$15,882,067","2,475"
No Hard Feelings,"$50,452,282","3,208",Jun 23,/release/rl4174349057/?ref_=bo_yld_table_49,tt15671028,"$15,002,770","3,208"
Talk to Me,"$48,299,436","2,379",Jul 28,/release/rl3548742401/?ref_=bo_yld_table_50,tt10638522,"$10,431,720","2,340"
Godzilla Minus One,"$45,580,412","2,622",Dec 1,/release/rl1285456641/?ref_=bo_yld_table_51,tt23289160,"$11,419,975","2,308"
Gran Turismo,"$44,428,554","3,856",Aug 25,/release/rl3788079873/?ref_=bo_yld_table_52,tt4495098,"$17,410,552","3,856"
The Color Purple,"$44,047,642","3,218",Dec 25,/release/rl577012481/?ref_=bo_yld_table_53,tt1200263,"$11,737,072","3,203"
The Boogeyman,"$43,244,282","3,205",Jun 2,/release/rl3958932225/?ref_=bo_yld_table_54,tt3427252,"$12,356,486","3,205"
A Haunting in Venice,"$42,471,412","3,305",Sep 15,/release/rl216040193/?ref_=bo_yld_table_55,tt22687790,"$14,279,529","3,305"
The Creator,"$40,774,679","3,680",Sep 29,/release/rl3888743169/?ref_=bo_yld_table_56,tt11858890,"$14,079,512","3,680"
80 for Brady,"$39,330,588","3,939",Feb 3,/release/rl3470820097/?ref_=bo_yld_table_57,tt18079362,"$12,701,640","3,912"
The Boy and the Heron,"$35,846,555","2,325",Dec 8,/release/rl4222321409/?ref_=bo_yld_table_58,tt6587046,"$13,011,722","2,205"
Knock at the Cabin,"$35,397,980","3,657",Feb 3,/release/rl3793191681/?ref_=bo_yld_table_59,tt15679400,"$14,127,170","3,643"
Renaissance: A Film by Beyoncé,"$33,223,373","2,542",Dec 1,/release/rl347177729/?ref_=bo_yld_table_60,tt29354040,"$21,801,216","2,539"
Missing,"$32,502,025","3,025",Jan 20,/release/rl3403318017/?ref_=bo_yld_table_61,tt10855768,"$9,154,695","3,025"
Plane,"$32,111,181","3,060",Jan 13,/release/rl1992983297/?ref_=bo_yld_table_62,tt5884796,"$10,265,326","3,023"
65,"$32,062,904","3,405",Mar 10,/release/rl4235821825/?ref_=bo_yld_table_63,tt12261776,"$12,328,361","3,405"
Thanksgiving,"$31,800,773","3,204",Nov 17,/release/rl2760606465/?ref_=bo_yld_table_64,tt1448754,"$10,306,272","3,204"
My Big Fat Greek Wedding 3,"$28,496,030","3,678",Sep 8,/release/rl780174081/?ref_=bo_yld_table_65,tt21103300,"$10,028,675","3,650"
Asteroid City,"$28,153,025","1,901",Jun 16,/release/rl1592820481/?ref_=bo_yld_table_66,tt14230388,"$853,382",6
Magic Mike's Last Dance,"$26,005,156","3,034",Feb 10,/release/rl503218945/?ref_=bo_yld_table_67,tt16280138,"$8,305,317","1,496"
Anyone But You,"$24,837,385","3,055",Dec 22,/release/rl3616572161/?ref_=bo_yld_table_68,tt26047818,"$6,000,344","3,055"
Strays,"$23,988,885","3,232",Aug 18,/release/rl3174007553/?ref_=bo_yld_table_69,tt15153532,"$8,247,810","3,223"
The Boys in the Boat,"$21,998,472","2,687",Dec 25,/release/rl43614977/?ref_=bo_yld_table_70,tt1856080,"$8,400,548","2,557"
Priscilla,"$20,900,492","2,361",Oct 27,/release/rl1218675457/?ref_=bo_yld_table_71,tt22041854,"$132,139",4
"Are You There God? It's Me, Margaret.","$20,372,406","3,343",Apr 28,/release/rl4079649537/?ref_=bo_yld_table_72,tt9185206,"$6,739,037","3,343"
The Pope's Exorcist,"$20,009,380","3,178",Apr 14,/release/rl1187939073/?ref_=bo_yld_table_73,tt13375076,"$9,006,368","3,178"
The Holdovers,"$18,208,655","1,601",Oct 27,/release/rl92504833/?ref_=bo_yld_table_74,tt14849194,"$211,093",6
The Blackening,"$17,707,207","1,775",Jun 16,/release/rl2565833473/?ref_=bo_yld_table_75,tt11703244,"$6,013,131","1,775"
Book Club: The Next Chapter,"$17,581,565","3,513",May 12,/release/rl1943044865/?ref_=bo_yld_table_76,tt20768712,"$6,677,580","3,508"
Pathaan,"$17,487,476",697,Jan 25,/release/rl1474921217/?ref_=bo_yld_table_77,tt12844910,"$6,892,182",695
Black Panther: Wakanda Forever,"$17,329,414","4,396",Nov 11,/release/rl3573908993/?ref_=bo_yld_table_78,tt9114286,"$181,339,761","4,396"
Renfield,"$17,297,895","3,378",Apr 14,/release/rl590381825/?ref_=bo_yld_table_79,tt11358390,"$8,026,475","3,375"
The Blind,"$17,265,487","1,715",Sep 28,/release/rl2123662081/?ref_=bo_yld_table_80,tt16374352,"$4,341,725","1,715"
Guy Ritchie's the Covenant,"$16,938,039","2,631",Apr 21,/release/rl1928692481/?ref_=bo_yld_table_81,tt4873118,"$6,380,188","2,611"
The Expendables 4,"$16,710,153","3,518",Sep 22,/release/rl2783019777/?ref_=bo_yld_table_82,tt3291150,"$8,039,021","3,518"
Champions,"$16,397,335","3,039",Mar 10,/release/rl2395767553/?ref_=bo_yld_table_83,tt15339570,"$5,148,740","3,030"
The Iron Claw,"$15,964,922","2,794",Dec 22,/release/rl1537442561/?ref_=bo_yld_table_84,tt21064584,"$4,868,370","2,774"
Ruby Gillman: Teenage Kraken,"$15,753,600","3,408",Jun 30,/release/rl176587521/?ref_=bo_yld_table_85,tt27155038,"$5,500,990","3,400"
Jawan,"$15,198,530",826,Sep 7,/release/rl2106360577/?ref_=bo_yld_table_86,tt15354916,"$6,124,963",826
Titanic25 Year Anniversary,"$15,033,795","2,464",Feb 10,/release/rl3167650561/?ref_=bo_yld_table_87,tt0120338,"$6,714,684","2,464"
Animal,"$14,772,820",698,Dec 1,/release/rl3300557569/?ref_=bo_yld_table_88,tt13751694,"$6,524,534",698
Dumb Money,"$13,925,356","2,837",Sep 15,/release/rl3028583169/?ref_=bo_yld_table_89,tt13957560,"$220,947",8
The Last Voyage of the Demeter,"$13,637,180","2,715",Aug 11,/release/rl2382856961/?ref_=bo_yld_table_90,tt1001520,"$6,504,950","2,715"
Joy Ride,"$12,897,789","2,820",Jul 7,/release/rl2732688129/?ref_=bo_yld_table_91,tt15268244,"$5,806,277","2,820"
His Only Son,"$12,392,740","1,930",Mar 31,/release/rl528515841/?ref_=bo_yld_table_92,tt8277246,"$5,501,070","1,920"
The Whale,"$12,269,350","1,721",Dec 9,/release/rl4040786689/?ref_=bo_yld_table_93,tt13833688,"$332,152",6
About My Father,"$12,089,391","2,464",May 26,/release/rl2950791937/?ref_=bo_yld_table_94,tt8373206,"$4,321,148","2,464"
Bottoms,"$12,036,071","1,265",Aug 25,/release/rl93946625/?ref_=bo_yld_table_95,tt17527468,"$461,052",10
The Shift,"$11,925,234","2,450",Dec 1,/release/rl2219016193/?ref_=bo_yld_table_96,tt19406606,"$4,300,165","2,450"
After Death,"$11,477,621","2,730",Oct 27,/release/rl1236108033/?ref_=bo_yld_table_97,tt21191906,"$5,051,950","2,645"
Saltburn,"$11,256,512","1,566",Nov 17,/release/rl104955905/?ref_=bo_yld_table_98,tt17351924,"$322,651",7
Past Lives,"$11,031,696",906,Jun 2,/release/rl3498410753/?ref_=bo_yld_table_99,tt13238346,"$232,266",4
Suzume,"$10,932,037","2,170",Apr 14,/release/rl2163311361/?ref_=bo_yld_table_100,tt16428256,"$5,001,705","2,170"
Ferrari,"$10,778,480","2,386",Dec 25,/release/rl390496257/?ref_=bo_yld_table_101,tt3758542,"$3,921,773","2,386"
The Machine,"$10,458,331","2,409",May 26,/release/rl3287778049/?ref_=bo_yld_table_102,tt11040844,"$5,000,545","2,409"
Whitney Houston: I Wanna Dance with Somebody,"$10,451,167","3,625",Dec 23,/release/rl101810945/?ref_=bo_yld_table_103,tt12193804,"$4,700,450","3,625"
Poor Things,"$10,269,036","2,300",Dec 8,/release/rl3566306049/?ref_=bo_yld_table_104,tt14230458,"$661,230",9
The Nightmare Before Christmas30th Anniversary Re-Release,"$10,251,956","2,185",Oct 20,/release/rl2880799489/?ref_=bo_yld_table_105,tt0107688,"$4,292,207","1,650"
Demon Slayer: Kimetsu No Yaiba - To the Swordsmith Village,"$10,117,806","1,774",Mar 3,/release/rl3313664769/?ref_=bo_yld_table_106,tt26537229,"$10,117,806","1,774"
House Party,"$9,002,247","1,400",Jan 13,/release/rl1456964353/?ref_=bo_yld_table_107,tt8005118,"$3,985,882","1,400"
Radical,"$8,636,299",534,Nov 3,/release/rl1335788289/?ref_=bo_yld_table_108,tt14570440,"$2,658,047",419
Everything Everywhere All at Once,"$8,410,284","2,220",Mar 25,/release/rl3861218049/?ref_=bo_yld_table_109,tt6710474,"$501,305",10
Salaar,"$8,268,997",802,Dec 22,/release/rl2487451649/?ref_=bo_yld_table_110,tt13927994,"$5,618,511",802
Silent Night,"$7,996,185","1,873",Dec 1,/release/rl1018987265/?ref_=bo_yld_table_111,tt15799866,"$3,010,207","1,870"
Beau Is Afraid,"$7,740,323","2,125",Apr 14,/release/rl1022984961/?ref_=bo_yld_table_112,tt13521006,"$320,396",4
The Hill,"$7,665,865","1,703",Aug 25,/release/rl1476166401/?ref_=bo_yld_table_113,tt8051894,"$2,301,931","1,570"
Sisu,"$7,265,622","1,006",Apr 28,/release/rl2306900737/?ref_=bo_yld_table_114,tt14846026,"$3,330,891","1,006"
Star Wars: Episode VI - Return of the Jedi2023 Re-release,"$7,259,924",475,Apr 28,/release/rl1133413121/?ref_=bo_yld_table_115,tt0086190,"$5,100,654",475
Dunki,"$7,160,815",650,Dec 21,/release/rl2847769345/?ref_=bo_yld_table_116,tt15428134,"$2,714,469",551
Coraline2023 Re-release (remastered),"$7,149,366","1,469",Aug 14,/release/rl3214443265/?ref_=bo_yld_table_117,tt0327597,unknown,unknown
Retribution,"$6,937,696","1,750",Aug 25,/release/rl178029313/?ref_=bo_yld_table_118,tt6906292,"$3,518,830","1,750"
Journey to Bethlehem,"$6,816,475","2,002",Nov 10,/release/rl330924801/?ref_=bo_yld_table_119,tt13848804,"$2,400,446","2,002"
Next Goal Wins,"$6,713,826","2,240",Nov 17,/release/rl3805971201/?ref_=bo_yld_table_120,tt10767052,"$2,500,295","2,240"
Operation Fortune: Ruse de Guerre,"$6,496,125","2,168",Mar 3,/release/rl3305145089/?ref_=bo_yld_table_121,tt7985704,"$3,140,214","2,168"
BTS: Yet to Come in Cinemas,"$6,350,496","1,210",Feb 1,/release/rl1828487937/?ref_=bo_yld_table_122,tt24807190,"$8,022,774","1,210"
Babylon,"$6,268,558","3,351",Dec 23,/release/rl2308997633/?ref_=bo_yld_table_123,tt10640346,"$3,603,368","3,343"
Love Again,"$6,230,837","2,703",May 5,/release/rl4031233/?ref_=bo_yld_table_124,tt10276482,"$2,380,962","2,703"
Dream Scenario,"$5,615,011","1,578",Nov 10,/release/rl2292482817/?ref_=bo_yld_table_125,tt21942866,"$220,035",6
The Fabelmans,"$5,541,550","1,962",Nov 11,/release/rl337871617/?ref_=bo_yld_table_126,tt14208870,"$161,579",4
The Chosen Season 3 Finale,"$5,525,069","1,979",Feb 2,/release/rl1308394241/?ref_=bo_yld_table_127,tt26658653,"$3,623,742","1,979"
Nefarious,"$5,433,685",933,Apr 14,/release/rl1073644289/?ref_=bo_yld_table_128,tt14537248,"$1,316,266",933
Big George Foreman,"$5,426,772","3,054",Apr 28,/release/rl135365377/?ref_=bo_yld_table_129,tt12226632,"$2,925,364","3,054"
Waitress: The Musical,"$5,402,148","1,214",Dec 7,/release/rl306479105/?ref_=bo_yld_table_130,tt15477042,"$2,847,421","1,214"
Tiger 3,"$5,365,263",779,Nov 11,/release/rl2410840833/?ref_=bo_yld_table_131,tt18411490,"$1,913,046",779
Women Talking,"$5,321,627",707,Dec 23,/release/rl784827137/?ref_=bo_yld_table_132,tt13669038,"$40,530",8
Freelance,"$5,314,136","2,057",Oct 27,/release/rl329679617/?ref_=bo_yld_table_133,tt15744298,"$2,086,000","2,057"
Infinity Pool,"$5,078,400","1,835",Jan 27,/release/rl4009329409/?ref_=bo_yld_table_134,tt10365998,"$2,514,364","1,835"
Hocus Pocus30th Anniversary re-release,"$4,929,004","1,430",Oct 6,/release/rl1018200833/?ref_=bo_yld_table_135,tt0107120,"$1,609,874","1,430"
You Hurt My Feelings,"$4,830,788",912,May 26,/release/rl3699737345/?ref_=bo_yld_table_136,tt15771916,"$1,396,448",912
Kandahar,"$4,813,132","2,105",May 26,/release/rl1375503105/?ref_=bo_yld_table_137,tt5761544,"$2,325,388","2,105"
Golda,"$4,801,781",883,Aug 25,/release/rl3656090369/?ref_=bo_yld_table_138,tt14454876,"$1,695,959",883
It Lives Inside,"$4,675,092","2,005",Sep 22,/release/rl1487897345/?ref_=bo_yld_table_139,tt15683734,"$2,607,665","2,005"
Hypnotic,"$4,500,169","2,118",May 12,/release/rl982024961/?ref_=bo_yld_table_140,tt8080204,"$2,401,686","2,118"
Stop Making Sense2023 Re-release,"$4,481,445",786,Sep 22,/release/rl933921537/?ref_=bo_yld_table_141,tt0088178,"$856,797",264
Marlowe,"$4,350,243","2,281",Feb 15,/release/rl1593606913/?ref_=bo_yld_table_142,tt6722802,"$1,814,094","2,281"
The Amazing Maurice,"$4,303,645","1,717",Feb 3,/release/rl317883137/?ref_=bo_yld_table_143,tt10473036,"$1,463,195","1,712"
Mummies,"$4,275,970",384,Feb 24,/release/rl2532410113/?ref_=bo_yld_table_144,tt23177868,"$422,183",225
Theater Camp,"$4,009,945",555,Jul 14,/release/rl1652851457/?ref_=bo_yld_table_145,tt21232992,"$301,220",6
Ponniyin Selvan: Part Two,"$3,813,000",-,Apr 28,/release/rl848331521/?ref_=bo_yld_table_146,tt22444570,"$3,813,000",600
Anatomy of a Fall,"$3,742,039",583,Oct 13,/release/rl1739752193/?ref_=bo_yld_table_147,tt17009710,"$117,848",5
Left Behind: Rise of the Antichrist,"$3,649,422","1,407",Jan 26,/release/rl3337192193/?ref_=bo_yld_table_148,tt16174868,"$2,553,152","1,407"
The Journey: A Music Special from Andrea Bocelli,"$3,574,915","1,074",Apr 2,/release/rl1049461505/?ref_=bo_yld_table_149,tt26769730,"$1,201,091","1,074"
Chevalier,"$3,541,159","1,281",Apr 21,/release/rl165708545/?ref_=bo_yld_table_150,tt12758486,"$1,521,288","1,275"
Mafia Mamma,"$3,496,761","2,002",Apr 14,/release/rl646087425/?ref_=bo_yld_table_151,tt13923456,"$2,032,202","2,002"
The Wandering Earth II,"$3,444,487",172,Jan 22,/release/rl1190560513/?ref_=bo_yld_table_152,tt13539646,unknown,unknown
A Thousand and One,"$3,400,020",926,Mar 31,/release/rl3773006593/?ref_=bo_yld_table_153,tt12427158,"$1,795,695",926
Violent Night,"$3,278,955","3,723",Dec 2,/release/rl4179395329/?ref_=bo_yld_table_154,tt12003946,"$13,450,240","3,682"
What Happens Later,"$3,273,895","1,492",Nov 3,/release/rl2931196673/?ref_=bo_yld_table_155,tt19890316,"$1,522,750","1,492"
2023 Oscar Nominated Short Films: Live Action,"$3,025,631",357,Feb 17,/release/rl2357232385/?ref_=bo_yld_table_156,tt26687422,"$734,124",357
Living,"$2,984,305",644,Dec 23,/release/rl3218244353/?ref_=bo_yld_table_157,tt9051908,"$22,784",3
Jurassic Park2023 Re-release (30th Anniversary),"$2,970,355","1,224",Aug 25,/release/rl94995201/?ref_=bo_yld_table_158,tt0107290,"$1,702,955","1,224"
The Menu,"$2,779,574","3,228",Nov 18,/release/rl2839380737/?ref_=bo_yld_table_159,tt9764362,"$9,004,957","3,211"
Tu Jhoothi Main Makkaar,"$2,503,604",400,Mar 8,/release/rl3657270017/?ref_=bo_yld_table_160,tt8672856,"$959,688",400
Come Out in Jesus Name,"$2,500,574","1,047",Mar 13,/release/rl4035412737/?ref_=bo_yld_table_161,tt27002406,unknown,unknown
The Miracle Club,"$2,377,438",677,Jul 14,/release/rl983663361/?ref_=bo_yld_table_162,tt12712604,"$664,607",677
A Good Person,"$2,210,465",687,Mar 24,/release/rl566723329/?ref_=bo_yld_table_163,tt14153080,"$832,007",530
Moving On,"$2,136,832",794,Mar 17,/release/rl1374716673/?ref_=bo_yld_table_164,tt15488088,"$821,961",794
Skinamarink,"$2,052,272",809,Jan 13,/release/rl2767291137/?ref_=bo_yld_table_165,tt21307994,"$818,943",692
Die Hard2023 Re-release,"$2,048,453","1,355",Dec 8,/release/rl3108274177/?ref_=bo_yld_table_166,tt0095016,"$934,421","1,355"
Jules,"$1,924,922",780,Aug 11,/release/rl2325447425/?ref_=bo_yld_table_167,tt15428940,"$839,622",780
Somewhere in Queens,"$1,802,442",602,Apr 21,/release/rl1978434305/?ref_=bo_yld_table_168,tt14097180,"$671,280",602
The Marsh King's Daughter,"$1,792,905","1,055",Nov 3,/release/rl280265473/?ref_=bo_yld_table_169,tt8002382,"$849,006","1,055"
Oldboy2023 Re-release,"$1,750,719",250,Aug 16,/release/rl2460451585/?ref_=bo_yld_table_170,tt0364569,"$493,386",250
Winnie-the-Pooh: Blood and Honey,"$1,750,639","1,652",Feb 15,/release/rl3925050113/?ref_=bo_yld_table_171,tt19623240,"$652,482",445
Fear,"$1,735,359",974,Jan 27,/release/rl772702977/?ref_=bo_yld_table_172,tt12830948,"$1,227,545",974
Lost in the Stars,"$1,721,446",-,Jul 7,/release/rl883393281/?ref_=bo_yld_table_173,tt17507018,"$806,815",unknown
Creation of the Gods I: Kingdom of Storms,"$1,686,246",115,Sep 22,/release/rl1487569665/?ref_=bo_yld_table_174,tt6979756,"$931,140",115
American Fiction,"$1,655,483","1,902",Dec 15,/release/rl2073330433/?ref_=bo_yld_table_175,tt23561236,"$224,469",7
Polite Society,"$1,595,585",927,Apr 28,/release/rl1407615745/?ref_=bo_yld_table_176,tt18257464,"$817,740",927
That Time I Got Reincarnated as a Slime the Movie: Scarlet Bond,"$1,588,491","1,473",Jan 20,/release/rl3522724609/?ref_=bo_yld_table_177,tt15467380,"$1,588,491","1,473"
The Banshees of Inisherin,"$1,555,301","1,205",Oct 21,/release/rl925926145/?ref_=bo_yld_table_178,tt11813216,"$184,454",4
The Quiet Girl,"$1,500,014",244,Feb 24,/release/rl3213067009/?ref_=bo_yld_table_179,tt15109082,"$59,149",6
BlackBerry,"$1,476,598",449,May 12,/release/rl3388965633/?ref_=bo_yld_table_180,tt21867434,"$492,145",449
Spirited Away2023 Re-release (Live on Stage),"$1,455,081","1,046",Apr 23,/release/rl284984065/?ref_=bo_yld_table_181,tt0245429,"$700,271","1,046"
Dicks: The Musical,"$1,453,012",635,Oct 6,/release/rl1084523265/?ref_=bo_yld_table_182,tt7130916,"$201,951",7
Eileen,"$1,425,273",558,Dec 1,/release/rl893747201/?ref_=bo_yld_table_183,tt5198890,"$93,290",6
Maybe I Do,"$1,293,722",465,Jan 27,/release/rl1240236801/?ref_=bo_yld_table_184,tt20879602,"$546,060",465
The First Slam Dunk,"$1,291,869",581,Jul 28,/release/rl1587315457/?ref_=bo_yld_table_185,tt15242330,"$662,211",581
Billie Eilish Live at the O2,"$1,290,000",600,Jan 27,/release/rl2331673345/?ref_=bo_yld_table_186,tt26348071,"$1,290,000",600
The Big Lebowski,"$1,266,945","1,235",Mar 6,/release/rl239568385/?ref_=bo_yld_table_187,tt0118715,"$5,533,844","1,207"
Back to the Future,"$1,240,710","1,550",Jul 3,/release/rl2974385665/?ref_=bo_yld_table_188,tt0088763,"$11,152,500","1,420"
Tár,"$1,193,875","1,090",Oct 7,/release/rl605979393/?ref_=bo_yld_table_189,tt14444726,"$158,620",4
The Lost King,"$1,189,307",753,Mar 24,/release/rl2749203201/?ref_=bo_yld_table_190,tt13421498,"$516,462",753
The Lord of the Rings: The Return of the King2023 Re-release (20th Anniversary),"$1,176,085","1,107",Apr 13,/release/rl3984687873/?ref_=bo_yld_table_191,tt0167260,unknown,unknown
Camp Hideout,"$1,125,010",848,Sep 15,/release/rl530678529/?ref_=bo_yld_table_192,tt14051976,"$489,439",848
Strange World,"$1,120,039","4,174",Nov 23,/release/rl3422914049/?ref_=bo_yld_table_193,tt10298840,"$12,151,384","4,174"
Close,"$1,100,113",233,Jan 27,/release/rl2079163137/?ref_=bo_yld_table_194,tt9660502,"$61,376",4
Emily,"$1,097,067",579,Feb 17,/release/rl2666693377/?ref_=bo_yld_table_195,tt12374656,"$40,287",5
Knights of the Zodiac,"$1,090,155",588,May 12,/release/rl4203184897/?ref_=bo_yld_table_196,tt6528290,"$557,533",588
Broker,"$1,001,892",271,Dec 23,/release/rl586646273/?ref_=bo_yld_table_197,tt13056052,"$3,265",3
Showing Up,"$972,074",115,Apr 7,/release/rl956203777/?ref_=bo_yld_table_198,tt13923216,"$63,418",4
Inside,"$918,415",357,Mar 17,/release/rl132023041/?ref_=bo_yld_table_199,tt14781036,"$510,110",357
The Roundup: No Way Out,"$909,411",41,Jun 2,/release/rl1100317441/?ref_=bo_yld_table_200,tt21364552,"$192,568",41
